{
  "backend": "aerospike",
  "concurrency": 512,
  "measure_seconds": 15.000271609,
  "results": [
    {
      "op": "create",
      "ok_total": 320285,
      "failed_total": 0,
      "latency_samples": 266328,
      "ops_sec": 17754.878507680227,
      "p50_us": 14343,
      "p99_us": 21517,
      "p999_us": 23748
    },
    {
      "op": "spend",
      "ok_total": 239834,
      "failed_total": 0,
      "latency_samples": 199805,
      "ops_sec": 13320.092142872878,
      "p50_us": 12035,
      "p99_us": 19740,
      "p999_us": 22191
    },
    {
      "op": "get",
      "ok_total": 160342,
      "failed_total": 0,
      "latency_samples": 133496,
      "ops_sec": 8899.572186406534,
      "p50_us": 10661,
      "p99_us": 14738,
      "p999_us": 20646
    },
    {
      "op": "setmined",
      "ok_total": 80437,
      "failed_total": 0,
      "latency_samples": 67004,
      "ops_sec": 4466.852450844845,
      "p50_us": 230,
      "p99_us": 659,
      "p999_us": 3722
    }
  ]
}
