{
  "backend": "aerospike",
  "concurrency": 512,
  "measure_seconds": 15.000033285,
  "results": [
    {
      "op": "create",
      "ok_total": 319590,
      "failed_total": 0,
      "latency_samples": 265730,
      "ops_sec": 17715.294023095896,
      "p50_us": 14363,
      "p99_us": 21845,
      "p999_us": 23756
    },
    {
      "op": "spend",
      "ok_total": 239359,
      "failed_total": 0,
      "latency_samples": 199306,
      "ops_sec": 13287.037182731157,
      "p50_us": 12072,
      "p99_us": 20382,
      "p999_us": 22607
    },
    {
      "op": "get",
      "ok_total": 160014,
      "failed_total": 0,
      "latency_samples": 133096,
      "ops_sec": 8873.046977375423,
      "p50_us": 10637,
      "p99_us": 15306,
      "p999_us": 19761
    },
    {
      "op": "setmined",
      "ok_total": 80203,
      "failed_total": 0,
      "latency_samples": 66755,
      "ops_sec": 4450.32345806558,
      "p50_us": 228,
      "p99_us": 706,
      "p999_us": 5436
    }
  ]
}
