{
  "backend": "reference",
  "concurrency": 512,
  "measure_seconds": 15.000845807,
  "results": [
    {
      "op": "create",
      "ok_total": 318921,
      "failed_total": 0,
      "latency_samples": 265054,
      "ops_sec": 17669.2703471637,
      "p50_us": 14392,
      "p99_us": 21980,
      "p999_us": 27000
    },
    {
      "op": "spend",
      "ok_total": 238829,
      "failed_total": 0,
      "latency_samples": 198691,
      "ops_sec": 13245.319801053003,
      "p50_us": 12045,
      "p99_us": 20115,
      "p999_us": 23115
    },
    {
      "op": "get",
      "ok_total": 159645,
      "failed_total": 0,
      "latency_samples": 132744,
      "ops_sec": 8849.101024560649,
      "p50_us": 10642,
      "p99_us": 14558,
      "p999_us": 20649
    },
    {
      "op": "setmined",
      "ok_total": 80030,
      "failed_total": 0,
      "latency_samples": 66599,
      "ops_sec": 4439.682992336487,
      "p50_us": 230,
      "p99_us": 726,
      "p999_us": 5838
    }
  ]
}
