{
  "backend": "reference",
  "concurrency": 512,
  "measure_seconds": 15.000012249,
  "results": [
    {
      "op": "create",
      "ok_total": 320270,
      "failed_total": 0,
      "latency_samples": 266301,
      "ops_sec": 17753.3855025854,
      "p50_us": 14242,
      "p99_us": 21527,
      "p999_us": 24248
    },
    {
      "op": "spend",
      "ok_total": 239798,
      "failed_total": 0,
      "latency_samples": 199782,
      "ops_sec": 13318.789123876802,
      "p50_us": 12062,
      "p99_us": 20102,
      "p999_us": 22559
    },
    {
      "op": "get",
      "ok_total": 160360,
      "failed_total": 0,
      "latency_samples": 133523,
      "ops_sec": 8901.52606434715,
      "p50_us": 10462,
      "p99_us": 14420,
      "p999_us": 18217
    },
    {
      "op": "setmined",
      "ok_total": 80341,
      "failed_total": 0,
      "latency_samples": 66900,
      "ops_sec": 4459.996357966975,
      "p50_us": 230,
      "p99_us": 669,
      "p999_us": 4654
    }
  ]
}
