{
  "backend": "reference",
  "concurrency": 512,
  "measure_seconds": 15.000272166,
  "results": [
    {
      "op": "create",
      "ok_total": 320023,
      "failed_total": 0,
      "latency_samples": 265875,
      "ops_sec": 17724.678396345305,
      "p50_us": 14288,
      "p99_us": 21495,
      "p999_us": 24012
    },
    {
      "op": "spend",
      "ok_total": 239630,
      "failed_total": 0,
      "latency_samples": 199395,
      "ops_sec": 13292.758810867032,
      "p50_us": 12086,
      "p99_us": 20058,
      "p999_us": 23088
    },
    {
      "op": "get",
      "ok_total": 160177,
      "failed_total": 0,
      "latency_samples": 133183,
      "ops_sec": 8878.705567881361,
      "p50_us": 10513,
      "p99_us": 15584,
      "p999_us": 20855
    },
    {
      "op": "setmined",
      "ok_total": 80325,
      "failed_total": 0,
      "latency_samples": 66841,
      "ops_sec": 4455.985815477637,
      "p50_us": 230,
      "p99_us": 732,
      "p999_us": 5206
    }
  ]
}
