{
  "backend": "reference",
  "concurrency": 512,
  "measure_seconds": 15.000045865,
  "results": [
    {
      "op": "create",
      "ok_total": 320183,
      "failed_total": 0,
      "latency_samples": 266457,
      "ops_sec": 17763.745684386944,
      "p50_us": 14065,
      "p99_us": 21261,
      "p999_us": 23403
    },
    {
      "op": "spend",
      "ok_total": 239767,
      "failed_total": 0,
      "latency_samples": 199761,
      "ops_sec": 13317.35927995444,
      "p50_us": 12091,
      "p99_us": 19691,
      "p999_us": 21925
    },
    {
      "op": "get",
      "ok_total": 160292,
      "failed_total": 0,
      "latency_samples": 133516,
      "ops_sec": 8901.03945025504,
      "p50_us": 10416,
      "p99_us": 15171,
      "p999_us": 20291
    },
    {
      "op": "setmined",
      "ok_total": 80344,
      "failed_total": 0,
      "latency_samples": 66940,
      "ops_sec": 4462.653021361278,
      "p50_us": 231,
      "p99_us": 645,
      "p999_us": 3805
    }
  ]
}
