{
  "backend": "reference",
  "concurrency": 512,
  "measure_seconds": 15.000660189,
  "results": [
    {
      "op": "create",
      "ok_total": 317627,
      "failed_total": 0,
      "latency_samples": 265482,
      "ops_sec": 17698.021064078115,
      "p50_us": 14376,
      "p99_us": 21755,
      "p999_us": 24887
    },
    {
      "op": "spend",
      "ok_total": 237785,
      "failed_total": 0,
      "latency_samples": 198942,
      "ops_sec": 13262.216295379078,
      "p50_us": 12118,
      "p99_us": 20091,
      "p999_us": 24907
    },
    {
      "op": "get",
      "ok_total": 158968,
      "failed_total": 0,
      "latency_samples": 132905,
      "ops_sec": 8859.943384189142,
      "p50_us": 10552,
      "p99_us": 17074,
      "p999_us": 24138
    },
    {
      "op": "setmined",
      "ok_total": 79722,
      "failed_total": 0,
      "latency_samples": 66693,
      "ops_sec": 4446.004319790275,
      "p50_us": 229,
      "p99_us": 681,
      "p999_us": 4171
    }
  ]
}
