{
  "backend": "reference",
  "concurrency": 512,
  "measure_seconds": 15.000111785,
  "results": [
    {
      "op": "create",
      "ok_total": 320512,
      "failed_total": 0,
      "latency_samples": 266698,
      "ops_sec": 17779.734166161084,
      "p50_us": 14212,
      "p99_us": 20958,
      "p999_us": 23048
    },
    {
      "op": "spend",
      "ok_total": 239936,
      "failed_total": 0,
      "latency_samples": 199887,
      "ops_sec": 13325.70069243654,
      "p50_us": 12065,
      "p99_us": 19434,
      "p999_us": 22546
    },
    {
      "op": "get",
      "ok_total": 160411,
      "failed_total": 0,
      "latency_samples": 133536,
      "ops_sec": 8902.333656842146,
      "p50_us": 10472,
      "p99_us": 15067,
      "p999_us": 21584
    },
    {
      "op": "setmined",
      "ok_total": 80412,
      "failed_total": 0,
      "latency_samples": 67012,
      "ops_sec": 4467.433373864021,
      "p50_us": 233,
      "p99_us": 680,
      "p999_us": 3522
    }
  ]
}
