{
  "backend": "reference",
  "concurrency": 512,
  "measure_seconds": 15.000366861,
  "results": [
    {
      "op": "create",
      "ok_total": 319871,
      "failed_total": 0,
      "latency_samples": 266025,
      "ops_sec": 17734.566258619187,
      "p50_us": 14200,
      "p99_us": 21365,
      "p999_us": 23722
    },
    {
      "op": "spend",
      "ok_total": 239512,
      "failed_total": 0,
      "latency_samples": 199358,
      "ops_sec": 13290.208289393117,
      "p50_us": 12083,
      "p99_us": 19910,
      "p999_us": 22517
    },
    {
      "op": "get",
      "ok_total": 160085,
      "failed_total": 0,
      "latency_samples": 133213,
      "ops_sec": 8880.649469070342,
      "p50_us": 10490,
      "p99_us": 15097,
      "p999_us": 20466
    },
    {
      "op": "setmined",
      "ok_total": 80241,
      "failed_total": 0,
      "latency_samples": 66799,
      "ops_sec": 4453.1577540062135,
      "p50_us": 230,
      "p99_us": 720,
      "p999_us": 4610
    }
  ]
}
