{
  "backend": "teraslab",
  "concurrency": 512,
  "measure_seconds": 15.000461026,
  "results": [
    {
      "op": "create",
      "ok_total": 356560,
      "failed_total": 0,
      "latency_samples": 299409,
      "ops_sec": 19959.98652848338,
      "p50_us": 12658,
      "p99_us": 15628,
      "p999_us": 20707
    },
    {
      "op": "spend",
      "ok_total": 266916,
      "failed_total": 0,
      "latency_samples": 224331,
      "ops_sec": 14954.940358911073,
      "p50_us": 10665,
      "p99_us": 12938,
      "p999_us": 14744
    },
    {
      "op": "get",
      "ok_total": 178551,
      "failed_total": 0,
      "latency_samples": 149925,
      "ops_sec": 9994.692812450097,
      "p50_us": 9893,
      "p99_us": 12118,
      "p999_us": 14125
    },
    {
      "op": "setmined",
      "ok_total": 89581,
      "failed_total": 0,
      "latency_samples": 75307,
      "ops_sec": 5020.312367031379,
      "p50_us": 113,
      "p99_us": 360,
      "p999_us": 1322
    }
  ]
}
