{
  "backend": "reference",
  "workers": 128,
  "measure_seconds": 20.000049125,
  "results": [
    {
      "op": "create",
      "ok_total": 107425,
      "failed_total": 0,
      "latency_samples": 88693,
      "ops_sec": 4434.639107417693,
      "p50_us": 12771,
      "p99_us": 18514,
      "p999_us": 24240
    },
    {
      "op": "spend",
      "ok_total": 80422,
      "failed_total": 0,
      "latency_samples": 66623,
      "ops_sec": 3331.14181788291,
      "p50_us": 12495,
      "p99_us": 18582,
      "p999_us": 24776
    },
    {
      "op": "get",
      "ok_total": 53918,
      "failed_total": 0,
      "latency_samples": 44692,
      "ops_sec": 2234.5945112772315,
      "p50_us": 12262,
      "p99_us": 17695,
      "p999_us": 24733
    },
    {
      "op": "setmined",
      "ok_total": 26874,
      "failed_total": 0,
      "latency_samples": 22293,
      "ops_sec": 1114.6472621476623,
      "p50_us": 494,
      "p99_us": 2246,
      "p999_us": 5352
    }
  ]
}
