{
  "backend": "teraslab",
  "workers": 128,
  "measure_seconds": 20.00007375,
  "results": [
    {
      "op": "create",
      "ok_total": 43404,
      "failed_total": 0,
      "latency_samples": 36600,
      "ops_sec": 1829.9932518998837,
      "p50_us": 29961,
      "p99_us": 72471,
      "p999_us": 307118
    },
    {
      "op": "spend",
      "ok_total": 32394,
      "failed_total": 0,
      "latency_samples": 27613,
      "ops_sec": 1380.6449088718987,
      "p50_us": 19418,
      "p99_us": 64667,
      "p999_us": 294940
    },
    {
      "op": "get",
      "ok_total": 21590,
      "failed_total": 0,
      "latency_samples": 18382,
      "ops_sec": 919.0966108312476,
      "p50_us": 29220,
      "p99_us": 80234,
      "p999_us": 301719
    },
    {
      "op": "setmined",
      "ok_total": 10834,
      "failed_total": 0,
      "latency_samples": 9183,
      "ops_sec": 459.14830689061836,
      "p50_us": 21122,
      "p99_us": 65465,
      "p999_us": 264090
    }
  ]
}
